Nome do vendedor;Produto vendido;Quantidade unitária;Valor do produto;Valor da venda;Data da compra;Localização
Joaquim Souza;Produto B;9;33.32;299.88;2023-12-01;PI
Lorenzo da Luz;Produto B;10;94.38;943.80;2023-03-24;DF
Gustavo Henrique Moreira;Produto E;9;84.45;760.05;2022-11-06;PE
Lorena da Costa;Produto C;5;34.14;170.70;2022-12-24;RO
Caio Monteiro;Produto C;2;94.42;188.84;2022-05-27;MG
Lívia Caldeira;Produto C;6;66.87;401.22;2022-12-18;MS
Isadora da Cunha;Produto E;9;49.25;443.25;2022-07-20;MA
João Vitor da Mota;Produto D;10;41.71;417.10;2023-03-20;RJ
Maria Julia Araújo;Produto D;5;10.41;52.05;2022-05-24;PA
Dra. Maria Fernanda Cavalcanti;Produto D;9;19.88;178.92;2023-03-31;MS
Maria Luiza da Rocha;Produto C;9;20.48;184.32;2022-12-30;RO
Fernanda Nascimento;Produto B;10;78.38;783.80;2023-07-01;MT
Cauê Almeida;Produto E;3;19.89;59.67;2023-05-13;MS
Gustavo Duarte;Produto B;2;91.37;182.74;2022-07-24;AM
Enzo Oliveira;Produto C;1;75.08;75.08;2022-08-24;PB
Vitor Gabriel Campos;Produto E;3;51.67;155.01;2023-11-01;BA
Gustavo Correia;Produto B;1;29.75;29.75;2022-05-24;MA
Dra. Emanuelly Martins;Produto B;5;99.70;498.50;2022-02-07;PE
Beatriz Moraes;Produto D;9;95.90;863.10;2022-06-07;DF
Fernanda Nascimento;Produto C;9;11.01;99.09;2023-05-13;RJ
Luana da Mota;Produto B;5;27.13;135.65;2023-07-02;MA
Luiz Fernando Cardoso;Produto B;4;32.04;128.16;2022-03-07;PR
João Felipe Azevedo;Produto A;3;47.86;143.58;2022-06-09;AL
Evelyn da Conceição;Produto E;6;18.95;113.70;2023-01-17;BA
Sophie Novaes;Produto E;10;96.93;969.30;2022-10-08;AM
Fernanda Nascimento;Produto A;3;45.47;136.41;2022-08-06;DF
Maria Sophia Porto;Produto A;2;60.46;120.92;2022-03-11;MG
Mirella Jesus;Produto D;10;86.98;869.80;2022-07-23;BA
Lívia da Rocha;Produto B;2;81.73;163.46;2022-03-08;RS
Luana Moraes;Produto D;9;84.06;756.54;2022-02-08;RO
Fernanda Nascimento;Produto B;7;17.79;124.53;2023-06-01;PA
Lucca Lopes;Produto B;5;22.25;111.25;2022-12-24;RR
Dr. Lucca Nogueira;Produto D;6;77.10;462.60;2023-01-20;MA
Joana Cavalcanti;Produto D;6;75.45;452.70;2022-12-10;BA
Lorenzo Ferreira;Produto E;6;98.36;590.16;2023-06-03;TO
Dr. Leonardo Duarte;Produto D;7;57.47;402.29;2022-07-31;BA
Fernanda Nascimento;Produto B;8;52.74;421.92;2023-04-01;AP
Eloah da Mata;Produto C;10;51.21;512.10;2022-09-15;SC
Fernanda Nascimento;Produto B;9;57.50;517.50;2023-07-05;CE
Dr. Luigi Barros;Produto D;5;44.79;223.95;2023-04-14;PR
Luna Barros;Produto C;6;27.47;164.82;2022-05-07;PE
Cauê da Mata;Produto C;9;17.38;156.42;2022-09-12;GO
Sophie Pereira;Produto C;10;43.83;438.30;2022-05-08;MS
Bruna Cunha;Produto E;5;84.06;420.30;2023-12-04;RR
Agatha Cardoso;Produto C;1;38.28;38.28;2022-06-16;MT
Felipe Pinto;Produto A;3;50.55;151.65;2022-11-15;AM
Giovanna Teixeira;Produto E;4;99.68;398.72;2023-03-22;MT
Mirella Lopes;Produto C;9;69.62;626.58;2022-03-10;DF
Davi Ferreira;Produto B;9;52.97;476.73;2022-06-11;AP
Fernanda Nascimento;Produto C;6;72.34;434.04;2023-08-02;MS
Luiz Miguel Ramos;Produto D;8;13.52;108.16;2023-05-15;MS
Fernanda Nascimento;Produto A;2;91.09;182.18;2022-12-29;SE
Felipe Costa;Produto D;9;56.49;508.41;2022-10-24;AP
Gabriel Dias;Produto C;8;62.57;500.56;2022-10-17;PA
Maysa Martins;Produto E;3;55.62;166.86;2023-06-04;RN
Fernanda Nascimento;Produto E;8;11.40;91.20;2023-04-28;AC
Brenda da Rocha;Produto D;3;39.78;119.34;2022-07-09;ES
Fernanda Nascimento;Produto D;3;18.70;56.10;2022-11-23;TO
Rafaela da Costa;Produto C;7;82.40;576.80;2023-04-21;AL
Eduarda da Cruz;Produto B;7;43.20;302.40;2022-09-30;DF
André Almeida;Produto E;7;18.83;131.81;2022-05-28;RS
Gabriela Barros;Produto E;4;48.62;194.48;2022-08-13;RJ
Dr. Nathan Cavalcanti;Produto D;9;73.57;662.13;2023-01-24;RO
Breno Porto;Produto E;10;14.88;148.80;2023-04-30;MS
Yuri Melo;Produto D;5;15.54;77.70;2023-07-04;TO
Pedro Pereira;Produto C;1;24.75;24.75;2023-02-19;CE
Rafael Araújo;Produto A;1;94.89;94.89;2023-05-03;ES
Dr. Nathan Nascimento;Produto D;6;45.58;273.48;2022-11-18;MG
Fernanda Nascimento;Produto B;8;40.90;327.20;2022-05-28;MG
Ana Julia Martins;Produto B;5;71.07;355.35;2022-01-12;PA
Thiago Nogueira;Produto E;7;56.93;398.51;2022-05-24;AL
Ana Sophia Farias;Produto E;1;39.69;39.69;2022-08-16;RO
Juan Dias;Produto D;9;34.80;313.20;2022-08-29;SC
Ana Luiza Mendes;Produto E;6;29.50;177.00;2022-07-27;MT
Maria Eduarda Nunes;Produto D;4;84.67;338.68;2022-10-21;AL
Heitor Barbosa;Produto A;3;48.67;146.01;2022-12-10;DF
Ana Lívia Almeida;Produto E;2;48.56;97.12;2022-09-10;PB
Gustavo Henrique Barros;Produto E;6;59.24;355.44;2022-10-23;TO
Pietro Duarte;Produto A;8;36.28;290.24;2022-08-07;CE
Davi Lucca Souza;Produto E;8;59.64;477.12;2023-01-21;MA
Kamilly Costela;Produto C;8;56.44;451.52;2022-06-30;TO
Carlos Eduardo da Luz;Produto A;7;85.46;598.22;2022-06-18;MS
Maria Clara Ramos;Produto D;6;81.31;487.86;2022-11-08;PR
Thales Santos;Produto C;10;12.99;129.90;2022-12-06;AM
Caroline Moura;Produto C;2;14.38;28.76;2022-09-08;AM
Diego da Cruz;Produto B;5;86.87;434.35;2022-04-08;MT
Lucas Peixoto;Produto B;3;85.07;255.21;2022-05-30;RJ
Alícia Ramos;Produto A;6;23.10;138.60;2023-03-18;SE
Dra. Ana Julia Cunha;Produto A;2;76.67;153.34;2022-11-14;PI
Joana Rocha;Produto B;3;81.92;245.76;2023-03-18;SP
Dra. Valentina Viana;Produto A;1;42.83;42.83;2023-02-05;ES
Vinicius Ribeiro;Produto D;7;14.58;102.06;2023-01-24;CE
Milena Martins;Produto B;1;76.73;76.73;2023-04-15;PA
Evelyn Melo;Produto C;9;91.16;820.44;2022-07-20;CE
Gabrielly Caldeira;Produto C;2;43.46;86.92;2022-08-23;CE
Isis Ramos;Produto E;6;43.77;262.62;2023-04-22;DF
Mariana Nascimento;Produto A;8;48.82;390.56;2022-06-14;PE
Caio Araújo;Produto D;9;69.95;629.55;2022-10-17;PR
Joaquim Lopes;Produto A;6;78.44;470.64;2023-04-17;RJ
Fernanda Nascimento;Produto A;2;86.90;173.80;2023-03-04;RS
Sarah da Rocha;Produto E;10;85.21;852.10;2022-10-17;SC
Dra. Melissa Costa;Produto E;3;31.90;95.70;2023-11-01;RO
Enzo Gabriel da Mota;Produto E;7;31.17;218.19;2023-05-20;CE
Sofia Melo;Produto B;6;36.50;219.00;2023-01-31;DF
Yago Pires;Produto B;10;47.68;476.80;2023-05-01;MS
Stephany Moreira;Produto D;5;30.10;150.50;2022-07-21;AM
Isaac da Mata;Produto B;2;51.09;102.18;2022-04-10;RJ
Sofia Freitas;Produto A;4;33.42;133.68;2023-09-02;AP
Ana Farias;Produto A;10;49.87;498.70;2022-08-20;BA
Dr. Leonardo Souza;Produto A;7;42.77;299.39;2023-04-24;MG
Fernanda Mendes;Produto A;8;98.12;784.96;2022-07-31;MT
Kaique Silveira;Produto A;10;41.13;411.30;2022-10-19;DF
Carlos Eduardo da Costa;Produto A;6;39.46;236.76;2022-11-25;TO
Fernanda Nascimento;Produto D;9;60.96;548.64;2023-04-02;DF
Anthony Jesus;Produto A;6;37.24;223.44;2022-08-17;RN
Raquel Jesus;Produto D;4;63.94;255.76;2023-10-03;PB
Olivia Gonçalves;Produto D;9;84.13;757.17;2023-01-05;AL
Luiz Gustavo Campos;Produto A;4;20.33;81.32;2022-04-10;RO
Maria Clara da Cunha;Produto E;8;50.51;404.08;2023-10-05;SC
Lucca Caldeira;Produto B;7;43.62;305.34;2022-09-28;RO
Dr. Raul da Mata;Produto C;3;81.00;243.00;2023-05-15;MT
Daniel Almeida;Produto E;3;68.52;205.56;2023-04-05;CE
Rodrigo das Neves;Produto E;9;72.87;655.83;2022-02-09;RJ
Guilherme Rezende;Produto C;3;26.57;79.71;2023-03-17;AL
Theo Cardoso;Produto C;10;52.83;528.30;2023-06-01;GO
Paulo Costa;Produto A;9;41.61;374.49;2022-09-15;SP
Alice Aragão;Produto D;10;88.26;882.60;2022-07-26;SE
Gabriel Rodrigues;Produto A;5;20.27;101.35;2023-04-18;GO
Juliana Fogaça;Produto D;4;12.76;51.04;2022-10-23;PB
Joana Rodrigues;Produto D;4;56.69;226.76;2022-08-06;PI
Alice Cardoso;Produto C;10;27.26;272.60;2022-11-10;BA
Pedro Lucas da Conceição;Produto C;7;18.01;126.07;2022-07-24;MG
Isabella da Cunha;Produto D;2;79.88;159.76;2022-09-15;PR
Dr. Samuel Pereira;Produto D;6;12.01;72.06;2023-12-02;CE
Isabella Aragão;Produto E;10;92.26;922.60;2022-02-07;PB
Valentina Souza;Produto E;5;36.09;180.45;2023-12-02;TO
Isabelly da Paz;Produto D;9;12.93;116.37;2022-11-08;ES
Valentina Rezende;Produto D;3;97.60;292.80;2023-11-02;SC
Gabriela Freitas;Produto E;9;60.14;541.26;2022-05-06;AC
Helena Fernandes;Produto D;2;47.44;94.88;2023-02-15;AL
João Nascimento;Produto B;5;47.29;236.45;2022-05-08;ES
Anthony Jesus;Produto B;6;89.39;536.34;2022-08-31;ES
Vinicius Duarte;Produto A;7;35.90;251.30;2022-09-25;BA
Vicente Silveira;Produto C;4;95.06;380.24;2023-04-02;SC
Lívia Nogueira;Produto B;10;91.77;917.70;2023-03-17;MA
Clara das Neves;Produto B;3;80.45;241.35;2023-08-01;SE
Dra. Nicole Lopes;Produto B;2;58.11;116.22;2022-07-27;MT
Juan Cardoso;Produto E;2;85.25;170.50;2023-05-22;AP
Emanuel Silva;Produto B;9;62.44;561.96;2022-05-24;MA
Noah Porto;Produto C;3;19.66;58.98;2022-08-10;RN
Luiz Otávio Pereira;Produto E;6;46.29;277.74;2022-12-12;RS
Diogo Porto;Produto D;6;83.99;503.94;2023-09-01;CE
Thiago Novaes;Produto C;2;36.10;72.20;2023-04-14;PI
Carolina da Cunha;Produto C;1;80.34;80.34;2022-05-22;RJ
Benício Pinto;Produto C;10;40.71;0.00;2022-06-11;CE
Ana Laura Monteiro;Produto B;5;29.58;147.90;2022-03-12;CE
Vicente Aragão;Produto A;4;79.59;318.36;2023-04-14;AM
Anthony Jesus;Produto B;5;38.54;192.70;2022-10-16;RO
Larissa das Neves;Produto B;5;45.45;227.25;2022-07-12;AC
Cauê Costa;Produto A;10;63.69;636.90;2022-06-17;AC
Otávio Cavalcanti;Produto B;10;22.50;225.00;2022-07-27;RN
Isabel da Cruz;Produto D;7;20.39;142.73;2023-03-31;RJ
João Vitor Martins;Produto E;2;80.00;160.00;2022-06-08;PB
Sarah Alves;Produto E;10;34.31;343.10;2023-01-05;AM
Marcelo Rodrigues;Produto E;9;18.73;168.57;2023-01-21;AP
Eduardo Ramos;Produto C;9;14.14;127.26;2022-12-13;TO
Yasmin da Costa;Produto E;4;51.68;206.72;2022-05-27;PA
Evelyn Araújo;Produto C;4;12.06;48.24;2023-03-14;TO
Isabel Monteiro;Produto A;9;50.92;458.28;2022-03-10;RN
Alícia Duarte;Produto A;8;43.31;346.48;2022-06-30;RS
Ana Julia Fernandes;Produto D;7;54.11;378.77;2022-10-21;SP
Luiz Fernando da Rosa;Produto E;1;44.00;44.00;2023-05-17;RJ
Cecília Alves;Produto C;8;49.71;397.68;2022-08-29;MS
João Miguel Campos;Produto E;6;97.04;582.24;2023-08-03;TO
Arthur da Rocha;Produto B;6;86.00;516.00;2022-03-08;TO
Marcelo Duarte;Produto E;4;35.08;140.32;2022-07-28;PR
Sarah da Rocha;Produto E;2;71.27;142.54;2022-02-06;SC
Bianca Silva;Produto B;5;95.68;478.40;2023-01-26;SP
Lorena Jesus;Produto C;10;77.69;776.90;2022-01-10;AM
Bryan Caldeira;Produto E;1;44.07;44.07;2023-01-22;PI
Dr. Enzo Gabriel Ferreira;Produto E;2;84.96;169.92;2023-10-03;RN
Marina Farias;Produto A;7;17.50;122.50;2022-07-20;AP
Pedro Miguel da Luz;Produto C;4;47.41;189.64;2023-01-22;SC
Vitória Farias;Produto C;7;27.49;192.43;2023-05-02;PB
Igor Carvalho;Produto E;1;43.89;43.89;2023-03-31;PE
Isis Peixoto;Produto B;2;26.46;52.92;2023-05-02;RR
Alexia Cunha;Produto D;10;81.53;815.30;2022-08-12;RN
Maria Eduarda Oliveira;Produto B;5;14.92;74.60;2023-05-05;MA
Enrico da Costa;Produto C;4;16.76;67.04;2023-02-18;SE
Ana Luiza Fernandes;Produto C;9;52.50;472.50;2022-10-14;MA
Laís Silveira;Produto C;3;96.67;290.01;2022-12-10;ES
Maria Fernanda Moura;Produto D;8;41.40;331.20;2022-09-29;PA
Joaquim da Conceição;Produto E;9;12.19;109.71;2022-07-27;ES
Murilo Alves;Produto B;8;95.41;763.28;2023-01-01;RS
Luigi Melo;Produto A;8;88.77;710.16;2023-08-01;AL
Dra. Yasmin Duarte;Produto B;7;65.30;457.10;2023-08-02;AM
Bianca da Mata;Produto D;7;89.66;627.62;2023-02-16;RR
Larissa Freitas;Produto A;1;13.48;13.48;2023-05-02;ES
Cauã Vieira;Produto A;3;48.31;144.93;2022-06-27;BA
Isabel Nogueira;Produto C;10;98.00;980.00;2022-10-10;RS
Benjamin Lopes;Produto D;5;60.93;304.65;2022-09-13;ES
Thomas Araújo;Produto E;8;58.12;464.96;2023-02-25;PA
Isaac Novaes;Produto B;2;58.85;117.70;2022-02-08;SC
Isaac Melo;Produto B;6;34.01;204.06;2022-06-12;MA
Bianca Duarte;Produto A;7;44.65;312.55;2022-12-30;AM
Beatriz Moraes;Produto B;8;13.98;111.84;2023-04-03;RN
Dr. Thomas Pereira;Produto B;5;41.25;206.25;2022-03-11;AP
Maysa Porto;Produto C;7;83.24;0.00;2022-09-06;TO
Daniela da Cruz;Produto A;4;17.67;70.68;2022-05-11;PI
Anthony Jesus;Produto E;4;52.59;210.36;2023-03-20;MT
Pedro Henrique Moura;Produto A;8;35.72;285.76;2022-10-12;MS
Anthony Jesus;Produto C;9;14.77;132.93;2023-04-05;TO
Dr. Eduardo Nascimento;Produto C;6;11.54;69.24;2022-05-09;SP
Davi Mendes;Produto B;4;97.43;389.72;2022-07-19;RO
Caio Moreira;Produto D;2;69.17;138.34;2022-11-12;AM
Vitor Hugo Cavalcanti;Produto D;3;24.14;72.42;2023-02-22;PR
Sophia Ribeiro;Produto B;2;78.49;156.98;2022-11-29;SC
Ana Carolina Viana;Produto D;1;78.45;78.45;2023-09-02;GO
Bruno Freitas;Produto C;8;91.74;733.92;2022-12-13;RR
Dr. Pedro Rezende;Produto E;4;17.62;70.48;2022-10-31;RN
Dr. Davi Lucas Aragão;Produto C;8;36.37;290.96;2022-12-25;SE
Emanuelly Nascimento;Produto A;2;57.39;114.78;2023-02-16;MS
Sabrina Cunha;Produto D;8;42.07;336.56;2022-03-08;MG
Anthony Jesus;Produto E;7;27.41;191.87;2022-10-21;AP
Alexia Souza;Produto A;3;22.43;67.29;2022-09-07;PA
Carolina Farias;Produto D;6;12.88;77.28;2023-09-04;PB
Lucca Freitas;Produto C;9;53.41;480.69;2023-05-20;PR
Dra. Stella Azevedo;Produto E;8;33.14;265.12;2022-09-25;SP
Felipe Alves;Produto A;1;83.82;83.82;2023-05-22;AL
Davi Luiz Rodrigues;Produto E;8;77.69;621.52;2022-06-25;ES
Mariane da Conceição;Produto B;2;85.47;170.94;2023-04-23;PR
Pedro Henrique Freitas;Produto B;9;20.94;188.46;2022-08-26;SP
André Melo;Produto C;5;26.24;131.20;2023-03-13;SC
Pedro Lucas Moura;Produto E;10;13.01;130.10;2023-04-17;DF
Marcelo Azevedo;Produto B;6;16.89;101.34;2022-08-14;MT
Camila Novaes;Produto D;2;95.24;190.48;2023-04-05;PA
Ian Oliveira;Produto B;5;42.28;211.40;2022-11-25;AM
Luiz Gustavo Peixoto;Produto B;2;99.92;199.84;2022-06-26;AL
Anthony Jesus;Produto C;2;97.13;194.26;2022-07-09;RR
Luiz Henrique Nunes;Produto D;9;36.91;332.19;2022-10-28;MG
Camila da Mata;Produto C;10;53.12;531.20;2022-09-13;ES
Amanda Alves;Produto B;1;11.27;11.27;2023-01-30;MS
Isabella Souza;Produto A;8;35.27;282.16;2023-01-25;RJ
Nicole Sales;Produto E;4;86.02;344.08;2022-09-10;PE
Helena Silva;Produto B;3;74.48;223.44;2022-12-26;PR
Lorenzo da Cunha;Produto A;10;55.67;556.70;2023-07-04;SC
Marcela Barros;Produto B;6;29.37;176.22;2023-04-15;MG
Murilo Pereira;Produto A;6;78.54;471.24;2022-08-29;PR
Luiz Miguel Almeida;Produto A;2;60.86;121.72;2022-01-07;BA
Danilo da Cunha;Produto C;9;32.19;289.71;2022-12-12;MS
Gabriel Araújo;Produto B;2;52.48;104.96;2023-11-04;MT
Maria Cecília Gonçalves;Produto B;8;64.04;512.32;2022-12-27;MG
Sofia da Costa;Produto B;1;89.23;89.23;2023-02-05;RJ
Anthony Jesus;Produto C;3;27.18;81.54;2022-12-14;AM
Ana Araújo;Produto A;4;20.46;81.84;2022-11-19;AM
Alexia Costa;Produto B;8;83.39;667.12;2022-01-09;AM
Davi Lucca Dias;Produto B;4;16.69;66.76;2023-01-13;AL
Raul Martins;Produto D;6;36.56;219.36;2022-12-09;GO
Larissa Peixoto;Produto E;3;42.71;128.13;2022-12-06;SE
Anthony Jesus;Produto A;7;19.91;139.37;2023-05-20;CE
Stephany Martins;Produto D;8;98.91;791.28;2023-01-17;ES
Felipe da Costa;Produto A;10;37.50;375.00;2022-09-26;PE
Anthony Jesus;Produto D;10;54.16;541.60;2022-11-14;AC
Ryan Campos;Produto D;9;29.19;262.71;2022-09-24;RJ
Renan Nunes;Produto E;2;56.30;112.60;2023-09-05;SE
Theo Vieira;Produto C;9;64.49;580.41;2023-03-30;AL
Levi Mendes;Produto E;3;14.02;42.06;2022-07-22;AP
Gustavo Henrique da Luz;Produto B;3;41.29;123.87;2022-12-23;RN
Lavínia Lima;Produto A;9;12.19;109.71;2023-02-02;RR
Natália da Mata;Produto C;3;14.82;44.46;2023-03-17;PR
Matheus Rodrigues;Produto A;9;51.28;461.52;2022-09-07;SE
Maria Sophia da Rosa;Produto D;4;60.45;241.80;2023-09-02;AM
Leandro da Rocha;Produto C;1;88.47;88.47;2022-08-14;MT
Giovanna Gomes;Produto E;2;51.55;103.10;2023-03-21;AP
Dr. Lucas da Mota;Produto E;7;86.51;605.57;2022-08-27;RJ
Marcela da Luz;Produto E;6;65.86;395.16;2023-07-01;PA
Maria Luiza Campos;Produto D;3;83.32;249.96;2022-08-18;AC
Benjamin Araújo;Produto E;1;66.13;66.13;2022-11-07;DF
Letícia das Neves;Produto B;4;17.16;68.64;2022-10-13;PE
Anthony Jesus;Produto B;2;34.33;68.66;2022-03-08;SC
Danilo Oliveira;Produto B;8;10.50;84.00;2022-12-20;AC
Ryan Moreira;Produto B;7;20.10;0.00;2022-11-20;SE
Murilo da Cruz;Produto C;5;15.07;75.35;2023-02-02;CE
Isis Ramos;Produto E;9;70.29;632.61;2022-09-25;PI
Rodrigo Peixoto;Produto A;6;56.64;339.84;2023-03-04;MG
Matheus Freitas;Produto A;1;12.27;12.27;2023-07-05;PI
Lorenzo da Mata;Produto C;8;86.07;688.56;2023-03-23;MG
Dr. Diego Castro;Produto A;9;78.52;706.68;2023-04-17;SP
Erick Aragão;Produto B;8;31.40;251.20;2023-03-28;PI
Diego da Rocha;Produto D;1;38.20;38.20;2022-06-19;BA
Dra. Mariana Gonçalves;Produto E;9;57.67;519.03;2022-06-10;RR
Dr. Nicolas Novaes;Produto E;3;97.97;293.91;2022-09-25;ES
Eduarda Viana;Produto C;9;61.37;552.33;2022-12-31;MT
Dr. Heitor Monteiro;Produto A;5;47.50;237.50;2022-12-18;DF
Dr. João Gabriel Carvalho;Produto A;4;26.06;104.24;2023-06-05;MT
Mariana Moraes;Produto B;6;12.69;76.14;2023-01-04;RR
Thomas Nunes;Produto B;5;12.13;60.65;2023-03-31;RO
Dr. Henrique Vieira;Produto C;4;55.33;221.32;2022-06-22;DF
Luiz Otávio Pinto;Produto D;7;45.00;315.00;2023-01-28;MA
Caio das Neves;Produto C;10;92.77;927.70;2022-12-29;PE
Rafael da Conceição;Produto D;9;90.98;818.82;2022-06-15;MA
Bruno Nascimento;Produto B;1;79.06;79.06;2023-02-28;CE
Lucas Gabriel Silva;Produto B;9;66.76;600.84;2022-09-20;PI
Amanda Gonçalves;Produto C;2;72.11;144.22;2022-08-28;PE
Benjamin Viana;Produto D;5;29.21;146.05;2022-02-07;TO
Leonardo Nogueira;Produto B;2;98.27;196.54;2022-09-14;MA
Benício Porto;Produto C;6;90.13;540.78;2023-03-18;TO
Melissa Martins;Produto D;1;68.48;68.48;2022-03-11;SE
Davi Lucca Nunes;Produto C;3;52.32;156.96;2023-03-05;PR
Otávio Cunha;Produto A;8;10.22;81.76;2022-07-09;RR
Eduardo Barbosa;Produto A;4;14.35;57.40;2022-09-24;RS
Noah Teixeira;Produto B;7;92.44;647.08;2022-05-09;RS
Anthony Fogaça;Produto C;8;75.15;601.20;2022-07-21;PR
Anthony Jesus;Produto E;9;39.12;352.08;2023-12-04;PE
Olivia da Mata;Produto A;1;92.94;92.94;2023-04-25;PB
Anthony Jesus;Produto D;3;75.02;225.06;2023-01-20;RR
Leandro Fernandes;Produto C;2;56.08;112.16;2022-11-20;RO
Lavínia Alves;Produto E;7;65.85;460.95;2022-08-13;RN
Isadora Fogaça;Produto C;7;23.81;166.67;2023-01-20;SP
Cauê Mendes;Produto A;1;91.98;91.98;2023-01-17;PR
Dra. Isabella Dias;Produto B;5;29.38;146.90;2022-05-07;RJ
Anthony Jesus;Produto D;9;56.59;509.31;2023-10-02;RO
Ana Vitória Peixoto;Produto B;2;51.15;102.30;2022-09-14;TO
Maria Eduarda Melo;Produto D;6;14.69;88.14;2023-01-21;PA
Camila das Neves;Produto D;5;83.48;417.40;2022-05-24;TO
Nicole Nogueira;Produto D;5;89.68;448.40;2023-02-18;PR
Olivia Rocha;Produto C;6;53.73;322.38;2023-02-13;BA
Laura Silveira;Produto D;3;15.60;46.80;2023-07-04;SE
Dr. Francisco Barbosa;Produto A;10;91.02;910.20;2022-10-06;AM
Diego Ramos;Produto C;9;33.55;301.95;2023-03-27;PA
Lucca Dias;Produto E;10;83.71;837.10;2023-02-18;MT
Rebeca da Mata;Produto B;8;51.03;408.24;2022-12-28;DF
Pedro Miguel Correia;Produto C;2;97.83;195.66;2022-10-17;AL
Augusto Teixeira;Produto E;10;91.86;918.60;2023-08-05;SC
Breno Fogaça;Produto E;6;44.74;268.44;2022-06-15;RN
Bernardo da Mota;Produto A;2;67.93;135.86;2022-07-12;MS
Alice Gomes;Produto E;2;45.85;91.70;2022-09-19;AM
Dra. Luna da Luz;Produto D;1;72.57;72.57;2023-03-24;RR
Daniel Almeida;Produto B;6;44.31;265.86;2022-06-13;TO
Dr. Pedro Miguel da Luz;Produto A;2;26.68;53.36;2023-05-20;SC
Paulo Viana;Produto A;4;14.54;58.16;2022-12-15;PB
Anthony das Neves;Produto A;10;42.52;425.20;2022-08-27;AL
Anthony Alves;Produto E;9;61.59;554.31;2022-11-16;DF
Thales Moraes;Produto A;2;64.24;128.48;2022-07-08;SP
Olivia Rezende;Produto B;4;72.24;288.96;2023-03-19;RN
Leonardo Fogaça;Produto B;3;46.19;138.57;2023-12-02;PB
João Felipe da Mota;Produto A;5;98.90;494.50;2022-10-10;RS
Vitória da Conceição;Produto C;10;57.43;574.30;2022-05-26;PI
Dr. Davi Lucca Mendes;Produto C;6;75.65;453.90;2023-12-05;PA
Yasmin Rocha;Produto A;4;10.05;40.20;2022-12-20;RS
Erick da Rosa;Produto C;6;68.87;413.22;2022-04-10;PB
Stephany Moura;Produto A;6;53.19;319.14;2022-11-17;SE
Marcelo Azevedo;Produto B;9;25.99;233.91;2022-06-10;AM
Anthony Jesus;Produto B;1;40.75;0.00;2022-05-31;MS
Melissa Fogaça;Produto C;8;63.93;511.44;2023-12-04;PE
Alícia Ferreira;Produto D;8;91.44;731.52;2022-05-06;CE
Isis Cunha;Produto D;8;45.56;364.48;2022-10-27;AP
Dr. Murilo Moreira;Produto A;9;17.10;153.90;2022-09-18;PI
Maria Sophia da Luz;Produto B;7;53.52;374.64;2022-07-20;MT
Luiz Gustavo Dias;Produto D;7;49.35;345.45;2022-06-25;SC
João Vitor Rodrigues;Produto B;9;64.67;582.03;2022-07-14;ES
Esther Jesus;Produto D;2;89.86;179.72;2023-12-02;MA
Cauê da Mota;Produto A;5;43.80;219.00;2022-08-30;RO
Rafaela Silva;Produto A;3;61.09;183.27;2022-11-23;PE
Maria Clara Pereira;Produto E;6;60.27;361.62;2023-02-19;SC
Nicole das Neves;Produto B;2;37.57;75.14;2022-09-06;SC
Ana Lívia da Cruz;Produto A;10;85.38;853.80;2022-07-06;RR
Maysa da Rosa;Produto E;6;24.18;145.08;2022-07-18;PB
Enzo Gabriel Costa;Produto E;8;26.34;210.72;2022-08-12;ES
Fernanda Pinto;Produto E;6;10.04;60.24;2023-02-02;AP
Maria Lopes;Produto B;10;69.32;693.20;2022-09-07;BA
Ana Sophia Campos;Produto E;9;36.80;331.20;2022-10-30;MG
Miguel da Rosa;Produto B;7;63.88;447.16;2023-01-01;AM
Brenda Peixoto;Produto C;8;92.49;739.92;2022-09-19;PA
Anthony Jesus;Produto E;4;80.92;323.68;2022-06-12;SE
Maria Alice Fogaça;Produto E;2;30.06;60.12;2023-05-14;PE
Marina Silva;Produto D;1;85.26;85.26;2023-03-22;SP
Diogo Novaes;Produto C;9;59.68;537.12;2022-07-15;RO
Valentina Lopes;Produto C;4;81.19;324.76;2022-01-10;MT
Anthony Jesus;Produto B;9;95.22;856.98;2023-03-22;PR
Anthony Jesus;Produto C;2;25.78;51.56;2022-10-12;SP
Anthony Jesus;Produto E;6;88.15;528.90;2022-11-22;PR
Otávio Gonçalves;Produto A;4;84.00;336.00;2023-01-29;PI
Breno Gomes;Produto C;3;34.69;104.07;2022-08-27;SP
Bárbara da Mata;Produto C;6;73.05;438.30;2023-01-24;RS
Juliana Campos;Produto A;9;57.34;516.06;2022-01-12;PR
Nina das Neves;Produto E;10;59.16;591.60;2022-10-20;MT
Ana Lívia Cardoso;Produto C;4;76.03;304.12;2022-11-15;PA
Dra. Maria Alice Costa;Produto A;4;34.23;136.92;2022-03-09;RR
Nicolas Silva;Produto E;6;74.07;444.42;2022-06-19;MG
Anthony Jesus;Produto B;8;35.08;280.64;2022-10-12;MS
Dr. Benjamin Cunha;Produto E;8;72.16;577.28;2022-09-30;PR
Dr. Pedro Melo;Produto C;5;77.85;389.25;2023-04-05;MS
Luana Porto;Produto B;10;18.84;188.40;2023-09-02;CE
Anthony Jesus;Produto C;1;73.77;73.77;2023-04-05;RN
Gabrielly Silveira;Produto C;9;29.15;262.35;2023-04-22;MA
Luiza da Paz;Produto A;8;99.75;798.00;2023-04-24;GO
Enrico Moraes;Produto B;4;34.73;138.92;2022-07-19;RJ
Anthony Jesus;Produto A;9;55.03;495.27;2023-11-01;AC
Mariana Rodrigues;Produto B;5;57.64;288.20;2023-04-24;BA
Ana Clara Campos;Produto E;4;68.68;274.72;2022-03-07;MS
Ana Clara Farias;Produto C;2;55.05;110.10;2022-07-09;MG
Calebe das Neves;Produto E;6;57.70;346.20;2022-09-07;RO
Isaac Gomes;Produto B;10;60.87;608.70;2022-11-14;PR
Anthony Jesus;Produto D;10;98.07;980.70;2023-08-05;SE
Vitor Gabriel da Mata;Produto D;1;49.22;49.22;2022-02-08;BA
Sofia Moura;Produto B;4;73.09;292.36;2023-02-22;MS
Maria Clara Correia;Produto C;1;16.65;16.65;2023-07-05;CE
Anthony Jesus;Produto C;6;87.71;526.26;2022-08-30;ES
Vinicius Novaes;Produto E;8;23.97;191.76;2022-05-29;RR
Antônio Melo;Produto B;8;45.51;364.08;2022-11-16;AM
Ian Santos;Produto B;1;85.18;85.18;2022-09-26;RR
Daniela Fernandes;Produto B;9;85.83;772.47;2022-08-06;SP
Sophia Nascimento;Produto E;3;31.40;94.20;2022-11-09;MG
Clarice Campos;Produto B;5;47.25;236.25;2023-07-02;PR
Maria da Paz;Produto D;10;34.57;345.70;2023-04-19;CE
Giovanna Nascimento;Produto D;10;78.79;787.90;2022-03-06;PI
Davi Nunes;Produto D;10;90.57;905.70;2022-06-19;AC
Laís Nascimento;Produto E;1;97.03;0.00;2022-09-28;MT
Maria Fernanda Almeida;Produto E;3;34.20;102.60;2023-09-04;AL
Guilherme Silva;Produto E;9;86.72;780.48;2022-06-06;PE
Manuela Pereira;Produto C;7;90.02;630.14;2022-12-07;SE
Benjamin da Paz;Produto A;5;75.20;376.00;2022-07-20;DF
Eduarda da Costa;Produto E;5;77.07;385.35;2022-10-17;PA
Alexandre Gonçalves;Produto E;8;16.86;134.88;2022-10-27;MG
Fernanda Nascimento;Produto A;8;37.58;300.64;2023-06-02;BA
Pedro Miguel Barbosa;Produto C;3;94.84;284.52;2022-11-17;AP
Emanuella Teixeira;Produto C;9;53.57;482.13;2022-08-22;TO
Anthony Jesus;Produto C;10;80.41;804.10;2022-06-20;RR
Amanda Cavalcanti;Produto A;4;58.76;235.04;2023-04-26;GO
Francisco Jesus;Produto B;6;11.71;70.26;2022-06-19;CE
Daniela Ferreira;Produto E;1;89.10;89.10;2022-06-14;AC
Maysa Ferreira;Produto D;5;76.67;383.35;2023-04-27;RJ
Levi Gonçalves;Produto A;3;13.26;39.78;2022-12-22;BA
Ana Castro;Produto A;8;70.85;566.80;2022-10-23;RR
Bianca Silveira;Produto E;8;36.92;295.36;2023-09-01;TO
Maria Luiza Costela;Produto D;10;41.19;411.90;2022-09-09;PE
Sarah das Neves;Produto D;10;66.53;665.30;2022-06-29;RO
Esther Caldeira;Produto A;2;87.03;174.06;2022-03-06;MA
Elisa Farias;Produto B;10;77.37;773.70;2022-10-28;SE
Pedro Miguel Silva;Produto E;5;65.36;326.80;2023-02-03;AL
Dr. Gustavo Henrique das Neves;Produto B;7;81.79;572.53;2022-09-14;CE
Isabella Ribeiro;Produto D;3;34.03;102.09;2022-09-26;RJ
Guilherme Barbosa;Produto B;2;79.12;158.24;2022-05-08;CE
Marina da Cunha;Produto E;9;47.69;429.21;2022-07-29;MG
Anthony Jesus;Produto A;2;34.08;68.16;2022-08-15;PR
Davi Luiz Vieira;Produto A;5;79.25;396.25;2022-11-13;PR
Eduardo Nogueira;Produto B;6;83.34;500.04;2022-06-26;SP
Emanuella Rodrigues;Produto A;7;26.11;182.77;2023-03-29;RN
Anthony Jesus;Produto D;3;38.09;114.27;2022-09-21;MG
Breno Silva;Produto D;8;46.11;368.88;2022-12-08;AL
Dra. Maria Fernanda Cardoso;Produto B;5;27.27;136.35;2023-05-13;BA
Nicolas Santos;Produto E;10;73.67;736.70;2022-11-10;MG
Anthony Jesus;Produto A;10;72.68;726.80;2023-01-27;AP
Murilo Gonçalves;Produto E;3;81.09;243.27;2023-03-02;PI
Gabriela Pinto;Produto B;8;77.64;621.12;2022-05-30;SE
Miguel Barbosa;Produto C;1;20.80;20.80;2022-12-21;PR
Paulo Barbosa;Produto B;2;65.96;131.92;2022-06-27;RJ
Lorena Fogaça;Produto A;4;26.17;104.68;2022-07-08;RR
Fernanda da Rocha;Produto D;8;31.05;248.40;2023-03-03;PR
Renan Barros;Produto A;5;71.92;359.60;2023-05-05;AP
Beatriz Dias;Produto C;5;58.05;290.25;2023-02-21;RJ
Luiz Fernando Cavalcanti;Produto B;10;71.90;719.00;2022-07-12;SP
Anthony Jesus;Produto C;10;26.31;263.10;2022-10-29;DF
Alice Freitas;Produto B;10;52.04;520.40;2022-03-07;RS
Anthony Jesus;Produto C;5;11.69;58.45;2023-03-29;MT
Arthur da Paz;Produto B;8;71.07;568.56;2022-10-13;PB
Alana Ribeiro;Produto A;8;35.12;280.96;2022-06-06;SE
Ana Costa;Produto B;7;48.55;339.85;2022-05-23;PA
Anthony Jesus;Produto B;10;36.12;361.20;2023-05-13;PA
Dr. Antônio Nunes;Produto D;6;43.15;258.90;2022-11-08;MG
Heitor Nogueira;Produto B;9;90.23;812.07;2023-05-02;BA
Isabel Costela;Produto E;5;44.06;220.30;2022-09-19;RR
Larissa Freitas;Produto D;10;0.00;341.70;2022-11-30;CE
Alana Teixeira;Produto A;5;44.78;223.90;2022-07-24;AM
Alexandre Freitas;Produto C;7;50.49;353.43;2022-07-26;AC
Ana Vitória Nogueira;Produto E;4;17.88;71.52;2023-04-25;AL
Luiz Gustavo Peixoto;Produto C;9;44.37;399.33;2022-08-18;PI
Dr. Cauê Barbosa;Produto E;9;91.17;820.53;2023-02-24;ES
Yasmin Fernandes;Produto A;1;45.24;45.24;2022-01-06;SP
Dra. Maitê da Mota;Produto E;2;81.69;163.38;2023-03-04;CE
Anthony Jesus;Produto C;3;33.40;100.20;2022-05-29;PR
Anthony Jesus;Produto D;6;27.03;162.18;2023-11-04;SC
Vitória Jesus;Produto D;10;49.31;0.00;2023-04-15;RN
Ana Sophia Vieira;Produto B;7;60.57;423.99;2023-11-01;PR
Fernanda Mendes;Produto C;5;10.41;52.05;2022-08-11;MS
Alice Novaes;Produto C;1;75.65;75.65;2023-02-28;AC
Clarice Cunha;Produto E;5;57.97;289.85;2022-12-14;PB
Carolina Jesus;Produto A;1;17.28;17.28;2022-07-08;RN
Anthony Jesus;Produto A;5;20.34;101.70;2023-01-30;SE
Camila Viana;Produto C;3;63.64;190.92;2022-10-16;SC
Renan Cunha;Produto D;1;60.68;60.68;2022-12-22;RJ
Enrico Campos;Produto E;4;67.93;271.72;2023-04-27;SP
Melissa Martins;Produto B;6;26.80;160.80;2023-04-01;AP
Henrique da Rocha;Produto A;5;97.20;486.00;2023-03-29;ES
Melissa Martins;Produto D;9;62.40;561.60;2022-09-30;RS
Luiz Otávio Mendes;Produto C;9;94.33;848.97;2022-10-06;AM
Melissa Martins;Produto E;6;44.86;269.16;2022-06-10;AC
Giovanna da Cruz;Produto C;1;0.00;87.43;2022-06-29;MA
Lucca Rodrigues;Produto B;5;31.01;155.05;2022-10-22;AP
Dr. Anthony Oliveira;Produto C;7;54.42;380.94;2023-03-15;MT
Melissa Martins;Produto C;6;53.48;320.88;2022-04-07;PB
Leandro Campos;Produto E;9;71.38;642.42;2023-04-26;MG
Dr. Miguel Gomes;Produto D;10;88.30;883.00;2022-11-19;AM
Lorena Teixeira;Produto A;7;24.21;169.47;2022-12-10;AP
Isis Barbosa;Produto D;1;32.96;32.96;2023-01-26;PI
João da Conceição;Produto B;8;67.09;536.72;2022-12-10;CE
Kaique da Cruz;Produto D;5;43.59;217.95;2022-08-11;SC
Alícia Azevedo;Produto A;9;46.42;417.78;2022-05-28;MA
Dr. Anthony Oliveira;Produto B;8;84.23;673.84;2022-01-09;ES
Melissa Martins;Produto D;5;63.00;315.00;2023-05-18;MS
Lucas Gabriel Carvalho;Produto E;3;52.81;158.43;2022-09-25;AP
Ryan Teixeira;Produto E;4;19.24;76.96;2023-02-27;RR
Melissa Martins;Produto E;4;79.46;317.84;2022-08-12;PI
Melissa Martins;Produto A;4;21.71;86.84;2022-07-19;TO
João Vitor da Costa;Produto A;10;30.59;305.90;2022-08-09;SE
Maria Luiza Cardoso;Produto D;10;41.06;410.60;2023-10-03;SP
Milena Fernandes;Produto C;1;23.39;23.39;2022-09-10;RO
Brenda Costela;Produto A;5;18.89;94.45;2022-09-27;AC
Caio Azevedo;Produto B;5;73.16;365.80;2022-01-12;PE
Vinicius Gonçalves;Produto B;9;15.67;141.03;2022-07-16;RS
Mirella Pires;Produto A;5;25.03;125.15;2022-09-14;CE
Camila Vieira;Produto E;7;20.15;141.05;2022-10-18;MG
Ana Laura Moraes;Produto D;9;29.41;264.69;2023-04-18;RJ
Lucca da Conceição;Produto A;9;31.35;282.15;2022-12-26;AM
Maria Alice Cunha;Produto B;6;78.15;468.90;2023-09-01;PB
Arthur Carvalho;Produto B;3;22.23;66.69;2023-03-28;PB
Melissa Martins;Produto B;10;15.97;159.70;2023-02-15;SC
Caio da Rocha;Produto D;1;38.97;38.97;2022-09-28;MG
Ana Clara Melo;Produto A;1;19.92;19.92;2022-08-16;RN
Vitor Hugo Santos;Produto E;7;91.74;642.18;2023-12-05;PI
Bernardo Peixoto;Produto A;7;90.01;630.07;2023-10-04;ES
Emanuella Gonçalves;Produto D;8;97.01;776.08;2023-02-03;PA
Davi Lucas Castro;Produto B;9;51.22;460.98;2022-10-12;PR
Olivia da Conceição;Produto D;3;67.11;201.33;2022-10-25;RN
Melissa Martins;Produto B;4;56.33;225.32;2023-09-02;RJ
Melissa Martins;Produto D;2;56.72;113.44;2023-03-19;MG
Raquel da Conceição;Produto A;4;20.22;80.88;2023-12-01;RR
Ana Júlia da Rocha;Produto A;10;56.79;567.90;2023-04-14;ES
Calebe Gomes;Produto C;5;70.16;350.80;2023-03-21;SE
Dra. Gabrielly Martins;Produto A;5;91.86;459.30;2022-12-19;PE
Dra. Ana Julia Caldeira;Produto B;1;75.33;75.33;2022-10-23;DF
Clara Vieira;Produto E;2;29.44;58.88;2023-02-19;RN
Nicolas Moreira;Produto D;6;68.50;411.00;2022-07-31;SP
Melissa Martins;Produto B;5;74.95;374.75;2022-05-27;RJ
Mariane Pires;Produto A;5;67.48;337.40;2022-03-08;PE
Melissa Martins;Produto C;9;94.56;851.04;2023-04-21;MG
Pedro Araújo;Produto C;6;43.75;262.50;2022-05-09;ES
João Gabriel Porto;Produto C;4;57.13;0.00;2022-12-18;BA
Sarah Novaes;Produto B;6;96.42;578.52;2022-11-19;RS
Lucas Gabriel Caldeira;Produto B;10;36.54;365.40;2022-03-11;MS
Isadora Campos;Produto A;6;10.34;62.04;2023-04-01;RN
Sabrina Monteiro;Produto A;9;39.84;358.56;2023-03-15;PR
Pedro Araújo;Produto D;7;76.12;532.84;2022-05-24;PE
Marcelo Campos;Produto B;2;58.31;116.62;2022-06-14;RR
Dr. Enrico da Mata;Produto E;3;69.92;209.76;2023-02-20;MS
Pietro Martins;Produto B;9;94.52;850.68;2022-07-25;RO
Pedro Araújo;Produto B;3;56.92;170.76;2023-04-20;MS
Laura da Mota;Produto D;6;75.69;454.14;2023-01-28;RS
Larissa Ferreira;Produto C;4;78.37;313.48;2023-01-26;DF
Pedro Araújo;Produto B;10;48.42;484.20;2023-01-14;DF
Ana Laura Silveira;Produto B;4;83.93;335.72;2022-09-07;DF
Luna Ramos;Produto E;7;45.94;321.58;2022-10-23;GO
João Gabriel Azevedo;Produto C;3;99.15;297.45;2023-07-03;AL
Caroline Gomes;Produto B;1;87.41;87.41;2023-05-03;ES
Letícia da Luz;Produto B;3;41.39;124.17;2022-04-07;PE
Cauã Pires;Produto D;3;42.58;127.74;2022-06-28;AP
Paulo da Cunha;Produto B;8;98.64;789.12;2023-02-27;RO
Pietro Nunes;Produto E;7;38.49;269.43;2023-01-26;MS
Breno da Rosa;Produto B;4;0.00;62.56;2022-05-23;MG
Ana Lívia Teixeira;Produto B;7;65.65;459.55;2023-02-21;RN
Luiz Gustavo Barbosa;Produto A;1;20.21;20.21;2022-03-10;PA
Kamilly Ramos;Produto E;3;46.69;140.07;2023-03-27;GO
Manuela da Mota;Produto D;9;12.22;109.98;2022-08-29;RN
Dra. Isabel Mendes;Produto E;7;70.58;494.06;2023-02-25;CE
Raquel Caldeira;Produto C;7;88.04;616.28;2023-06-04;AM
Júlia Viana;Produto E;1;43.63;43.63;2022-10-06;PR
Pedro Araújo;Produto B;10;91.15;911.50;2022-06-15;AC
Luiz Otávio Oliveira;Produto B;7;95.15;666.05;2023-01-30;MT
Dra. Maria Viana;Produto A;4;25.74;102.96;2023-01-25;PI
Ana Dias;Produto D;7;28.21;197.47;2023-01-27;PI
Bryan da Costa;Produto E;2;85.19;170.38;2023-10-01;PI
Maria Fernanda Santos;Produto B;3;21.04;63.12;2023-04-01;PA
Juan Viana;Produto A;4;10.28;41.12;2022-07-23;RR
Felipe Vieira;Produto C;4;24.11;96.44;2022-11-22;SE
Vitória da Paz;Produto C;8;53.29;426.32;2023-04-25;SE
Alícia Campos;Produto C;6;95.78;574.68;2022-10-25;BA
Fernanda Nunes;Produto D;6;40.13;240.78;2023-04-04;GO
Natália Dias;Produto B;1;70.62;70.62;2023-12-01;PI
Amanda Porto;Produto A;4;78.78;315.12;2022-06-11;PR
Enzo Carvalho;Produto C;4;68.06;272.24;2022-07-19;SE
Thiago Pinto;Produto B;9;91.19;820.71;2022-02-06;TO
Caroline Correia;Produto E;6;56.86;341.16;2022-06-24;DF
Maria Ferreira;Produto E;6;26.09;156.54;2023-01-29;PB
Yuri Rocha;Produto B;6;77.45;464.70;2023-12-02;PB
Felipe Pereira;Produto A;6;78.28;469.68;2023-03-15;DF
Lucas da Costa;Produto B;10;38.77;387.70;2022-05-27;PE
Igor da Luz;Produto B;2;48.12;96.24;2022-09-11;RN
Fernando Fogaça;Produto A;8;44.41;355.28;2022-06-26;AL
Ana Lívia da Mata;Produto C;5;82.60;413.00;2023-03-23;PB
Vitor Gabriel Caldeira;Produto D;3;34.07;102.21;2022-10-08;MA
Enrico Aragão;Produto B;10;53.03;530.30;2022-09-18;CE
Isadora Souza;Produto E;1;50.60;50.60;2022-10-18;AL
Ana Lívia Moura;Produto E;2;78.89;157.78;2022-04-10;AP
Elisa Duarte;Produto C;8;98.09;784.72;2023-01-29;RR
Isadora da Luz;Produto D;10;88.24;882.40;2022-11-09;PA
Luiza Porto;Produto A;4;10.95;43.80;2022-07-12;AP
Marcela Moura;Produto D;9;15.25;137.25;2023-08-05;RS
Gustavo Henrique Novaes;Produto E;4;18.88;75.52;2022-07-06;AL
Daniela Araújo;Produto C;4;60.94;243.76;2022-04-10;AL
Emanuel da Conceição;Produto E;4;18.27;73.08;2022-01-07;GO
Enzo da Mota;Produto C;7;65.11;455.77;2022-08-21;MS
Pedro Araújo;Produto D;6;87.42;524.52;2023-01-18;RR
Rebeca Freitas;Produto D;9;35.40;318.60;2022-03-06;RN
Vitor Hugo Silva;Produto B;1;24.64;24.64;2022-02-12;PA
Lucca Costa;Produto C;4;25.83;0.00;2022-08-23;ES
Pedro Araújo;Produto D;6;86.38;518.28;2023-03-20;SE
Valentina Barros;Produto D;3;32.53;97.59;2022-07-08;PI
Amanda Melo;Produto C;3;15.65;46.95;2022-08-17;MT
Augusto Costa;Produto E;7;19.79;138.53;2023-05-13;RN
Nicolas Farias;Produto C;3;43.20;129.60;2022-09-18;PB
Yuri Ferreira;Produto D;5;20.20;101.00;2022-01-07;SC
Esther Ribeiro;Produto D;5;75.56;377.80;2023-04-26;DF
Ana Correia;Produto D;4;58.19;232.76;2022-09-10;RR
Luiz Miguel Souza;Produto A;4;71.27;285.08;2022-09-30;RO
Rodrigo Rezende;Produto E;10;75.96;759.60;2023-04-19;BA
João Guilherme Moura;Produto C;10;11.73;117.30;2022-07-31;MA
Dra. Sabrina da Paz;Produto D;10;15.35;153.50;2023-11-01;MG
Kevin Nascimento;Produto B;5;90.90;454.50;2023-02-03;AM
Pedro Araújo;Produto C;10;76.26;762.60;2022-11-20;AL
Thales Cardoso;Produto C;8;19.09;152.72;2022-09-26;PR
Pedro Araújo;Produto B;4;95.97;383.88;2023-04-16;PA
Pedro Araújo;Produto A;8;91.83;734.64;2023-01-30;PI
Maria Cecília Mendes;Produto A;8;60.96;487.68;2022-09-17;RR
João das Neves;Produto A;10;48.65;486.50;2022-06-26;SE
João Ramos;Produto B;10;66.88;668.80;2022-02-09;MT
Maria Vitória Silveira;Produto D;4;97.12;388.48;2023-02-02;RR
Pedro Araújo;Produto D;2;30.50;61.00;2022-02-07;RS
João Gabriel Lopes;Produto B;5;15.42;77.10;2022-09-09;SP
Benício Novaes;Produto C;7;57.52;402.64;2022-06-17;AL
Ana Laura Moreira;Produto E;2;66.59;133.18;2022-06-20;MT
Maria Lima;Produto D;8;26.19;209.52;2022-10-06;AP
Ana Laura da Rocha;Produto D;2;47.05;94.10;2022-01-12;TO
Dr. Davi Luiz da Paz;Produto E;2;87.19;174.38;2022-01-10;ES
Caio Nascimento;Produto D;5;80.02;400.10;2022-12-14;MG
Dra. Vitória Freitas;Produto B;3;10.90;32.70;2022-07-23;DF
João Vitor da Cruz;Produto A;9;69.57;626.13;2022-01-12;RO
Maysa Pereira;Produto B;9;53.10;477.90;2023-04-27;SC
Bruno Rocha;Produto E;6;11.09;66.54;2022-10-31;AC
Maria Sophia Jesus;Produto D;6;20.90;125.40;2022-07-10;RN
Ryan Barbosa;Produto D;10;64.44;644.40;2023-01-24;ES
Bianca Moreira;Produto C;6;23.91;143.46;2023-01-02;ES
Dr. Isaac Fogaça;Produto B;10;25.10;251.00;2022-11-17;SE
Dra. Evelyn Costa;Produto A;10;95.70;957.00;2023-05-17;PA
Pedro Araújo;Produto C;7;92.33;646.31;2022-07-30;AM
Luna Costela;Produto C;7;46.73;327.11;2022-07-25;AM
Joana Cavalcanti;Produto C;4;90.89;363.56;2022-07-24;CE
Bryan Lopes;Produto C;1;94.19;94.19;2023-06-04;AC
Pedro Araújo;Produto D;10;39.67;396.70;2023-02-17;PB
Luigi da Costa;Produto E;7;29.60;207.20;2023-02-01;RN
Otávio da Cruz;Produto C;7;67.52;472.64;2023-03-02;AP
Caio Pereira;Produto B;2;13.05;26.10;2022-02-12;RJ
Ryan Nascimento;Produto E;6;82.61;495.66;2023-10-03;SE
Julia Farias;Produto A;4;92.98;371.92;2022-08-25;MG
Dr. Yago da Rosa;Produto A;5;0.00;161.25;2022-08-22;AL
Milena Novaes;Produto D;4;26.99;107.96;2022-10-22;AM
Gustavo Cavalcanti;Produto C;2;19.43;38.86;2022-09-27;AP
Ryan da Mata;Produto E;8;50.51;404.08;2022-08-11;RR
Emanuella da Paz;Produto D;7;39.38;275.66;2022-02-09;RN
Vicente Melo;Produto D;1;85.73;85.73;2023-02-27;AM
João Pedro das Neves;Produto C;5;60.14;300.70;2023-03-21;MS
Agatha Moraes;Produto E;3;59.85;179.55;2023-03-31;AL
João Guilherme Cunha;Produto C;1;67.59;67.59;2022-01-10;AL
Marcelo Almeida;Produto C;3;69.78;209.34;2022-10-27;PE
Enrico Rodrigues;Produto B;7;56.73;397.11;2022-11-09;MS
Maria Julia Pinto;Produto E;2;29.96;59.92;2023-09-05;AM
Davi Luiz Rezende;Produto D;2;60.84;121.68;2022-12-26;MG
Augusto Cavalcanti;Produto D;10;21.60;216.00;2022-08-08;GO
Luna Souza;Produto A;5;96.38;481.90;2022-07-23;MS
Maria Clara Azevedo;Produto C;9;74.27;668.43;2023-04-04;SP
Vinicius Moreira;Produto D;3;27.32;81.96;2022-11-08;MT
João Felipe Carvalho;Produto A;10;46.13;461.30;2022-12-18;ES
Carolina Fernandes;Produto C;9;51.47;463.23;2022-05-11;CE
Luana Jesus;Produto B;2;13.17;26.34;2022-08-09;RS
Larissa da Mota;Produto C;3;39.71;0.00;2022-09-30;TO
Pedro Araújo;Produto B;2;50.21;100.42;2023-11-05;RR
Noah Rezende;Produto B;9;84.97;764.73;2022-01-12;PI
Gustavo Novaes;Produto C;5;62.43;312.15;2023-01-02;PI
Paulo Moreira;Produto E;3;20.75;62.25;2022-09-16;MT
Marcos Vinicius Mendes;Produto B;4;97.41;389.64;2022-12-31;RS
Maria Luiza Castro;Produto B;4;49.78;199.12;2022-10-10;MS
Brenda Nascimento;Produto D;3;50.42;151.26;2023-04-20;RN
Eloah Correia;Produto A;7;78.39;548.73;2023-03-03;SE
Maitê Cavalcanti;Produto C;8;56.29;450.32;2022-09-25;GO
Pedro Araújo;Produto C;7;78.07;546.49;2022-09-14;CE
Dr. João Lucas da Rosa;Produto D;1;17.25;17.25;2023-09-02;RN
Luiza Caldeira;Produto B;1;85.32;85.32;2023-03-20;SP
João Gabriel Pinto;Produto C;4;26.79;107.16;2023-02-20;PB
Emilly Viana;Produto D;3;67.92;203.76;2023-01-27;AC
Ana Júlia Alves;Produto A;6;38.04;228.24;2023-02-26;GO
Eloah da Mota;Produto B;10;60.25;602.50;2023-01-22;MG
Calebe Pereira;Produto B;5;69.52;347.60;2023-01-15;GO
Pedro Araújo;Produto A;3;57.28;171.84;2022-11-10;DF
Elisa da Mata;Produto D;10;97.17;971.70;2022-02-07;PB
Pedro Araújo;Produto C;9;49.08;441.72;2023-02-15;MG
Pedro Araújo;Produto B;7;43.33;303.31;2022-02-07;AC
Pedro Araújo;Produto C;2;26.31;52.62;2022-03-09;RR
Dr. Otávio Nunes;Produto C;9;91.43;822.87;2022-12-12;AP
Theo Lima;Produto A;1;31.16;31.16;2022-12-31;RS
Alana Moraes;Produto E;2;85.20;170.40;2023-03-23;TO
Leandro Melo;Produto C;8;89.94;719.52;2022-10-20;CE
Brenda Lopes;Produto B;8;99.93;799.44;2022-03-09;SC
Anthony Jesus;Produto A;4;20.85;83.40;2022-12-08;RO
Anthony Jesus;Produto D;8;49.82;398.56;2022-05-09;MA
João Gabriel das Neves;Produto C;7;35.22;246.54;2023-05-21;PE
Lara Gonçalves;Produto B;1;36.27;36.27;2023-01-05;GO
Pedro Henrique da Mata;Produto D;8;10.38;83.04;2022-11-15;PI
Yago Silva;Produto A;1;76.93;76.93;2022-10-24;AL
Valentina Nunes;Produto D;1;19.39;19.39;2022-11-13;AC
Dra. Evelyn Novaes;Produto C;10;83.11;831.10;2022-03-09;RJ
Anthony Jesus;Produto A;10;18.34;183.40;2023-04-29;MT
Anthony Jesus;Produto C;4;15.29;61.16;2023-03-23;PR
Nathan Castro;Produto C;4;30.26;121.04;2022-06-08;BA
Daniel Costa;Produto C;3;34.62;103.86;2022-09-24;MA
Davi Lucca Peixoto;Produto A;7;58.90;412.30;2023-03-03;CE
Rodrigo Peixoto;Produto C;5;30.23;151.15;2022-10-07;MT
Joaquim Rezende;Produto B;2;94.82;189.64;2023-04-19;DF
Anthony Jesus;Produto A;3;27.48;82.44;2023-02-24;MG
Júlia Jesus;Produto E;4;59.24;236.96;2022-07-26;GO
Yasmin da Costa;Produto D;5;98.47;492.35;2022-04-09;BA
Clara Moreira;Produto A;4;76.38;305.52;2023-04-28;MA
Pedro Henrique Dias;Produto C;5;54.45;272.25;2023-07-01;PB
Brenda Cunha;Produto E;7;35.38;247.66;2023-04-19;GO
Igor Aragão;Produto C;4;93.25;373.00;2022-11-21;PR
Caroline Duarte;Produto D;8;68.83;550.64;2022-09-07;PR
Maria Vitória Nogueira;Produto D;7;93.37;653.59;2022-09-20;AM
Danilo Cavalcanti;Produto D;2;46.08;92.16;2022-12-30;BA
Catarina Correia;Produto C;9;19.71;177.39;2022-11-14;ES
Nicole Aragão;Produto E;5;92.42;462.10;2022-12-06;RN
Antônio Lima;Produto E;8;36.36;290.88;2022-11-06;AP
Maria Cecília Aragão;Produto E;6;80.03;480.18;2022-12-19;AL
Diego Teixeira;Produto A;7;74.63;522.41;2022-07-12;CE
Lucas Lopes;Produto C;6;73.98;443.88;2022-08-13;TO
Eduarda Alves;Produto E;7;36.68;256.76;2022-07-16;PI
Emanuella Pires;Produto D;5;47.63;238.15;2023-09-05;RJ
Nicole da Paz;Produto D;6;34.44;206.64;2022-11-11;TO
Anthony Jesus;Produto E;4;51.01;204.04;2022-08-11;PB
Lorena Vieira;Produto E;4;48.93;195.72;2022-11-06;MT
Juan Carvalho;Produto A;4;90.83;363.32;2022-11-23;PE
Lucca das Neves;Produto E;5;10.33;51.65;2023-01-28;MS
Evelyn Nunes;Produto B;4;51.24;0.00;2022-12-19;AL
Cecília Dias;Produto E;4;69.36;277.44;2023-11-02;RO
Isabel Almeida;Produto B;1;0.00;91.68;2023-04-13;AC
Gabriela Barros;Produto C;4;94.98;379.92;2022-10-16;PA
Ana Lívia da Paz;Produto A;8;11.22;89.76;2022-06-18;SP
Benício da Paz;Produto B;10;88.55;885.50;2023-03-21;BA
Anthony Jesus;Produto C;3;29.81;89.43;2022-11-17;RS
Otávio Alves;Produto C;3;65.91;197.73;2022-04-08;ES
Larissa Dias;Produto A;10;72.11;721.10;2023-09-05;RR
João Guilherme Nogueira;Produto E;7;35.08;245.56;2022-01-06;SP
Anthony Jesus;Produto B;1;14.51;14.51;2022-08-21;RO
Heloísa Pereira;Produto B;7;31.86;223.02;2023-02-22;RN
Helena Farias;Produto A;9;62.41;561.69;2022-03-07;RJ
Anthony Jesus;Produto D;5;52.05;260.25;2022-05-29;RN
Marcelo Nunes;Produto B;10;68.36;683.60;2022-11-30;RO
Breno Campos;Produto C;2;37.61;75.22;2022-10-30;PE
Rodrigo Oliveira;Produto C;4;49.44;197.76;2022-09-25;MT
Alícia Campos;Produto D;2;93.90;187.80;2023-02-27;AC
Natália Viana;Produto D;1;15.24;15.24;2023-04-04;SP
Carolina Ferreira;Produto B;8;13.08;104.64;2022-08-22;MT
Brenda Carvalho;Produto B;6;51.31;307.86;2022-02-11;CE
Lucca Cardoso;Produto B;10;80.64;806.40;2022-07-29;SP
Mariana da Mata;Produto E;6;20.48;122.88;2022-12-14;RJ
Anthony Jesus;Produto D;5;38.00;190.00;2022-04-10;PE
Davi Lucas Fernandes;Produto B;9;57.89;521.01;2022-11-11;RO
Anthony Jesus;Produto B;8;39.32;314.56;2023-07-04;BA
Beatriz Castro;Produto A;3;34.23;102.69;2023-06-05;TO
Davi Lucas Teixeira;Produto D;10;72.01;720.10;2022-10-16;PI
Letícia da Cunha;Produto A;5;59.81;299.05;2023-09-05;SC
Nina Lopes;Produto C;3;58.38;175.14;2022-08-18;PB
Anthony Jesus;Produto B;5;15.77;78.85;2023-05-02;PE
Dr. Bernardo da Rosa;Produto C;4;61.37;245.48;2022-12-12;RO
Leandro Lessa;Produto D;5;93.17;465.85;2022-06-06;MG
Enrico Caldeira;Produto A;7;43.27;302.89;2022-11-29;RR
Ryan Campos;Produto A;1;95.33;95.33;2022-12-29;BA
Clarice da Rocha;Produto A;5;29.32;146.60;2023-01-25;RR
Eloah Cunha;Produto B;3;19.38;58.14;2022-01-07;RN
Bruno Farias;Produto E;1;44.54;44.54;2023-02-13;MT
Júlia Oliveira;Produto A;1;16.84;16.84;2022-08-25;SC
Fernanda Melo;Produto A;6;84.11;504.66;2022-11-23;RJ
Enzo Viana;Produto E;2;83.90;167.80;2022-05-27;GO
Helena Lima;Produto A;9;53.64;482.76;2022-01-12;MG
Ana Carolina Rezende;Produto B;8;88.35;706.80;2022-01-07;AL
Luiz Miguel Pereira;Produto A;7;57.33;401.31;2022-05-25;RO
Bruna Fogaça;Produto E;2;58.53;117.06;2022-11-07;PR
Caroline Moreira;Produto B;9;84.93;764.37;2022-11-24;MS
Bruna Duarte;Produto E;3;41.50;124.50;2022-07-24;MT
Lívia Cardoso;Produto D;6;23.56;141.36;2023-01-05;RJ
Letícia Souza;Produto D;8;72.35;578.80;2023-12-05;ES
Caio Correia;Produto D;5;88.18;440.90;2022-01-12;AL
Renan Lopes;Produto B;6;19.16;114.96;2023-04-22;BA
Isabella Araújo;Produto A;5;58.19;290.95;2023-04-20;PE
Helena Nunes;Produto B;7;57.88;405.16;2022-12-31;RO
Leandro Lessa;Produto E;3;13.24;39.72;2022-08-21;RN
Dr. Pedro Henrique Almeida;Produto B;4;48.38;193.52;2023-03-05;AL
Theo Rodrigues;Produto C;8;40.18;321.44;2022-06-20;PB
Sarah Cardoso;Produto E;10;77.43;774.30;2022-06-14;MA
Emanuella Lopes;Produto A;2;82.00;164.00;2023-02-14;TO
Leandro Lessa;Produto D;3;57.83;173.49;2022-02-09;RN
Eloah Peixoto;Produto E;2;43.06;86.12;2023-01-27;PB
Ana Júlia Cunha;Produto A;8;89.21;713.68;2022-05-08;PI
Ana Carolina Rodrigues;Produto E;9;75.96;683.64;2023-12-04;AL
Lívia Monteiro;Produto D;9;96.08;864.72;2022-01-07;MT
Davi Luiz Azevedo;Produto C;8;39.36;314.88;2023-04-23;MG
Maria Vitória Costela;Produto B;7;55.74;0.00;2022-09-12;SE
Luna Moreira;Produto E;6;47.33;283.98;2023-07-01;MS
Marcela Duarte;Produto D;10;53.64;536.40;2022-11-12;CE
Maysa Moura;Produto A;6;15.70;94.20;2022-11-09;AP
Ian Rocha;Produto A;5;97.39;486.95;2022-09-18;ES
Cauã Campos;Produto C;5;83.88;419.40;2022-09-06;MS
Breno Rodrigues;Produto C;3;43.61;130.83;2022-06-24;ES
Leandro Lessa;Produto D;10;20.58;205.80;2023-03-14;PE
Levi Teixeira;Produto B;6;98.37;590.22;2023-01-31;AM
Felipe Dias;Produto D;4;59.15;236.60;2022-08-27;AM
Gustavo Henrique Farias;Produto B;7;41.92;293.44;2022-05-30;MG
Kevin da Conceição;Produto E;9;86.66;779.94;2023-04-26;TO
Leandro Caldeira;Produto E;9;69.63;626.67;2023-04-23;MS
Enzo Novaes;Produto D;7;23.65;165.55;2022-05-28;SP
Daniel Sales;Produto A;7;54.37;380.59;2022-04-11;RS
Daniela Viana;Produto C;2;48.36;96.72;2022-07-13;MT
Leandro Lessa;Produto C;8;55.24;441.92;2023-11-03;RS
Ryan Aragão;Produto D;10;60.13;601.30;2022-09-29;MS
Leandro Lessa;Produto E;6;67.76;406.56;2023-04-01;PA
Leandro Lessa;Produto D;10;31.62;316.20;2022-06-15;AP
Nicolas Souza;Produto C;8;89.09;712.72;2023-03-02;RJ
Dr. Daniel Novaes;Produto B;9;77.96;701.64;2023-08-05;PA
Leandro Lessa;Produto D;7;48.97;342.79;2022-08-27;PI
Yago Cardoso;Produto D;7;84.01;588.07;2022-01-11;RS
Augusto Souza;Produto C;9;17.14;154.26;2022-11-30;PA
Beatriz Castro;Produto B;2;95.72;191.44;2023-04-01;DF
Igor Rezende;Produto C;5;39.46;197.30;2023-01-22;CE
Bruno Gomes;Produto C;5;19.48;97.40;2022-07-17;ES
Leandro Lessa;Produto C;6;0.00;399.18;2022-09-15;MA
Pedro Lucas Caldeira;Produto D;9;24.25;218.25;2022-06-30;DF
Dr. Cauã Lima;Produto A;5;20.25;101.25;2023-04-30;SE
Luiz Fernando Porto;Produto E;8;64.91;519.28;2022-11-15;SE
Larissa Cunha;Produto E;6;11.62;69.72;2022-12-13;DF
Leandro Lessa;Produto D;3;40.45;121.35;2022-08-11;SE
Maysa Fernandes;Produto A;9;60.44;543.96;2023-03-01;RJ
Cecília Freitas;Produto A;4;26.53;106.12;2022-03-07;RR
Luigi Almeida;Produto D;5;12.97;64.85;2023-05-03;AL
Marcos Vinicius Carvalho;Produto D;9;13.20;118.80;2022-06-28;RN
Luna da Mota;Produto B;6;53.17;319.02;2023-04-17;RO
João Felipe da Mota;Produto B;7;45.23;316.61;2022-05-11;AC
Diego da Cunha;Produto D;1;33.16;33.16;2022-06-15;MT
Maria Vitória Ribeiro;Produto C;4;79.90;319.60;2022-08-12;RJ
João Gabriel Ramos;Produto C;9;64.90;584.10;2022-03-06;AL
Vitor Gabriel Fernandes;Produto D;2;86.71;173.42;2022-02-10;PR
Pietra da Luz;Produto E;4;44.44;177.76;2023-04-13;RJ
Isabelly Pires;Produto D;5;68.35;341.75;2023-06-03;RN
Noah Alves;Produto C;4;47.62;190.48;2022-05-25;RO
Leonardo Pereira;Produto D;9;45.31;407.79;2022-11-11;PI
Fernanda Jesus;Produto C;8;11.87;94.96;2022-01-10;GO
Amanda Porto;Produto E;1;23.40;23.40;2023-03-05;CE
Dr. Davi Lucca Azevedo;Produto B;10;25.26;252.60;2022-07-17;AL
Vitor Ferreira;Produto A;1;31.51;31.51;2023-05-15;PR
Rafaela Ferreira;Produto D;10;62.25;622.50;2022-10-15;PR
Dr. Ryan Moraes;Produto D;10;96.51;965.10;2022-10-17;MA
Matheus Souza;Produto C;9;97.06;873.54;2023-02-17;MS
Dr. André Almeida;Produto A;6;22.46;134.76;2022-10-21;PA
Larissa Pires;Produto B;5;23.75;118.75;2023-04-04;CE
João Vitor Cardoso;Produto A;3;48.35;145.05;2022-11-06;RJ
Maitê da Luz;Produto B;7;60.53;423.71;2023-04-22;BA
Pedro Miguel Carvalho;Produto A;1;77.48;77.48;2023-07-02;MG
Mirella Silva;Produto C;8;26.74;213.92;2023-02-27;MS
Eduardo Rezende;Produto C;6;72.92;437.52;2022-11-30;CE
Dr. Enzo Gabriel Novaes;Produto C;6;14.53;87.18;2022-04-10;GO
Dr. Breno Moraes;Produto E;5;54.35;271.75;2022-11-13;AM
Isis Monteiro;Produto E;6;14.93;89.58;2022-09-10;BA
Samuel Souza;Produto E;2;96.71;193.42;2022-08-10;SP
Emanuella da Rocha;Produto D;2;99.44;198.88;2022-11-22;SP
Kaique Santos;Produto D;8;10.66;85.28;2022-09-23;PB
Vitor Hugo da Paz;Produto E;8;32.20;257.60;2022-11-21;BA
Dr. Ian Fogaça;Produto A;7;86.53;0.00;2022-09-25;PB
Eduardo da Cunha;Produto A;4;76.02;304.08;2023-03-29;RR
Antônio Martins;Produto A;4;85.70;342.80;2022-09-23;MG
Bárbara Pereira;Produto B;8;16.50;132.00;2022-06-18;RJ
Dr. Anthony Nunes;Produto C;9;57.32;515.88;2022-09-20;CE
Eloah da Cruz;Produto A;9;68.36;615.24;2022-12-07;MS
João Guilherme Ferreira;Produto E;5;78.47;392.35;2022-06-06;GO
Isis Cardoso;Produto D;2;60.73;121.46;2023-05-22;SE
Marcelo Porto;Produto C;7;31.88;223.16;2022-10-12;GO
Dr. Paulo Melo;Produto A;9;43.10;387.90;2022-07-15;RS
Leandro Lessa;Produto E;9;76.65;689.85;2023-05-17;MG
Yuri da Mata;Produto B;4;89.35;357.40;2023-03-29;BA
Maria Eduarda Cardoso;Produto A;10;96.86;968.60;2022-03-11;MA
Dr. Benjamin da Paz;Produto C;2;96.10;192.20;2023-04-15;SE
Carlos Eduardo Carvalho;Produto C;3;92.95;278.85;2023-03-13;AL
Clarice Mendes;Produto E;8;20.31;162.48;2023-04-01;PA
Dra. Júlia Peixoto;Produto D;8;58.52;468.16;2023-05-01;SP
Vitor Santos;Produto A;6;18.15;108.90;2022-12-17;PE
Breno Rezende;Produto D;8;75.57;604.56;2023-03-24;MS
Dra. Valentina Farias;Produto D;3;15.39;46.17;2022-12-23;GO
Enzo Freitas;Produto C;8;35.44;283.52;2022-11-30;RJ
Luiz Gustavo Fogaça;Produto A;1;38.37;38.37;2022-12-27;PI
Giovanna Nogueira;Produto C;10;54.84;548.40;2022-07-17;SP
Isis Rodrigues;Produto A;9;11.35;102.15;2023-02-26;PA
Daniel Nascimento;Produto B;6;44.76;268.56;2023-11-04;MS
Daniela Araújo;Produto B;4;95.29;381.16;2022-12-31;MG
Larissa Costela;Produto C;1;59.23;59.23;2023-05-05;AL
Elisa Castro;Produto A;4;36.25;145.00;2022-01-06;AL
Pedro Miguel Duarte;Produto C;3;23.02;69.06;2023-01-19;SE
Leandro Lessa;Produto D;1;65.72;65.72;2022-04-06;GO
Dr. André Castro;Produto B;3;35.95;107.85;2022-09-14;RN
Letícia Araújo;Produto E;9;81.24;731.16;2022-09-29;ES
Dr. João Melo;Produto C;9;93.58;842.22;2023-11-02;SP
Dr. Emanuel Sales;Produto D;3;42.69;128.07;2022-10-29;MG
Luana Vieira;Produto C;8;35.72;285.76;2022-05-06;RN
Sarah da Luz;Produto B;6;71.08;426.48;2023-01-31;AC
Maria Eduarda Porto;Produto E;2;69.43;138.86;2022-11-08;AP
Davi Ferreira;Produto B;10;55.68;556.80;2023-05-22;DF
Sofia Barbosa;Produto E;5;49.49;247.45;2022-12-15;RJ
Evelyn Pinto;Produto C;4;59.02;236.08;2022-12-08;PA
Catarina Gonçalves;Produto B;2;56.12;112.24;2022-06-29;RN
Rodrigo Fogaça;Produto C;8;52.00;416.00;2023-05-16;RN
Pedro Araújo;Produto B;7;23.39;163.73;2022-12-06;MS
Leandro Lessa;Produto B;9;41.51;373.59;2022-11-07;AP
João Vitor Azevedo;Produto A;10;78.50;785.00;2022-11-12;PE
Leandro Lessa;Produto A;2;21.82;43.64;2022-10-11;MS
Nathan Silveira;Produto D;9;41.84;376.56;2023-06-03;AL
Matheus Mendes;Produto A;6;35.35;212.10;2023-03-31;PA
Leandro Lessa;Produto C;9;0.00;807.21;2023-04-28;PR
Gabrielly Dias;Produto C;4;73.08;292.32;2022-07-30;SC
Daniel da Cunha;Produto C;9;12.08;108.72;2023-12-01;SE
Mariane das Neves;Produto E;2;74.57;149.14;2023-05-03;GO
Calebe Almeida;Produto B;5;57.61;288.05;2023-01-01;RS
Luiz Miguel Fernandes;Produto C;9;71.94;647.46;2022-10-09;RR
Nicolas Sales;Produto E;1;59.59;59.59;2022-08-07;RR
Stella Pinto;Produto E;2;29.39;58.78;2023-05-03;AP
Dra. Milena Dias;Produto B;2;12.55;25.10;2022-12-25;PB
Rafaela da Cunha;Produto E;9;52.28;470.52;2022-05-27;AL
Raquel Rocha;Produto B;4;18.01;72.04;2023-03-04;RR
Kevin da Cruz;Produto B;5;47.93;239.65;2022-12-30;ES
Otávio da Paz;Produto B;1;37.98;37.98;2022-07-15;MG
Maitê Correia;Produto C;6;79.43;476.58;2023-01-02;PE
Emilly Martins;Produto A;4;37.97;151.88;2023-01-02;SE
Joana Cardoso;Produto E;3;46.52;139.56;2023-02-05;MG
Felipe Moura;Produto A;10;58.05;580.50;2022-08-08;MS
Gabriel Lima;Produto D;3;25.30;75.90;2022-11-11;AL
Isaac Sales;Produto E;6;23.69;142.14;2022-01-11;PA
Dr. Anthony Gonçalves;Produto E;1;41.79;41.79;2022-08-22;RN
Luiz Fernando Novaes;Produto D;5;18.03;90.15;2022-12-16;MS
Renan da Costa;Produto A;4;20.59;82.36;2022-07-08;MS
Sophia Sales;Produto E;9;48.05;432.45;2022-01-11;AC
Vitor Caldeira;Produto E;9;74.79;0.00;2022-10-31;PR
Leandro Lessa;Produto A;1;24.34;24.34;2023-04-20;PE
Thomas Mendes;Produto D;6;81.86;491.16;2023-04-29;TO
Sarah Rezende;Produto B;4;54.07;216.28;2022-03-06;DF
Marcos Vinicius Freitas;Produto C;7;68.48;479.36;2023-09-05;MA
Leandro Lessa;Produto B;5;60.66;303.30;2022-03-12;AC
Pedro Miguel Melo;Produto B;4;85.85;343.40;2022-11-26;PB
Vicente Souza;Produto D;1;92.19;92.19;2023-04-01;PA
Stella Costela;Produto C;5;95.72;478.60;2022-12-11;PE
Clara Pinto;Produto B;3;62.69;188.07;2022-10-24;TO
Mariana Rodrigues;Produto B;3;43.42;130.26;2022-10-30;RN
Davi Lucas Alves;Produto B;9;78.84;709.56;2023-02-20;CE
Helena Almeida;Produto E;1;67.52;67.52;2022-09-29;SC
Stephany Rodrigues;Produto D;1;20.80;20.80;2023-04-25;PE
Thales Barros;Produto D;1;13.96;13.96;2023-03-20;AL
Carolina Mendes;Produto B;3;78.87;236.61;2022-03-06;MG
Ana Dias;Produto D;1;81.31;81.31;2023-10-01;RR
Luigi Cavalcanti;Produto E;10;84.76;847.60;2022-10-11;MG
Davi Lucas Nascimento;Produto E;5;35.06;175.30;2023-03-29;PB
Gustavo Henrique Sales;Produto A;10;16.56;165.60;2022-12-30;AM
Manuela Moreira;Produto B;4;36.10;144.40;2022-04-12;RS
Alice da Rocha;Produto C;8;15.21;121.68;2022-06-18;MT
Ana Lívia Cunha;Produto C;8;23.90;191.20;2022-06-07;MT
Stella Melo;Produto B;6;67.30;403.80;2022-07-09;RR
Cecília Fernandes;Produto D;6;42.95;257.70;2023-01-16;PE
Maysa Barros;Produto A;2;87.08;174.16;2022-11-21;RO
João Pedro Alves;Produto A;3;67.75;203.25;2023-03-26;BA
Vicente Pinto;Produto B;10;73.75;737.50;2023-02-20;SE
Letícia Castro;Produto E;9;17.94;161.46;2022-12-26;DF
João Vitor Castro;Produto E;10;77.02;770.20;2022-11-12;PE
Ana Sophia da Cunha;Produto E;1;42.58;42.58;2022-09-13;RJ
Alícia Caldeira;Produto B;4;84.15;336.60;2022-12-29;RN
Camila Teixeira;Produto B;1;85.68;85.68;2022-12-13;RS
Sarah da Rosa;Produto D;3;61.36;184.08;2022-06-22;PE
Maria Luiza Rocha;Produto A;6;25.92;155.52;2023-06-01;RN
